{
  "SV-NSDE": {
    "time_rmse": NaN,
    "time_mae": NaN,
    "semantic_mse": 3.0512846142053602,
    "semantic_cosine": 0.013163358648307621,
    "log_likelihood": -28.716967636346816,
    "perplexity": 1.4502568539159997,
    "num_sequences": 20,
    "num_events": 1545
  },
  "RMTPP": {
    "time_rmse": NaN,
    "time_mae": NaN,
    "semantic_mse": NaN,
    "semantic_cosine": NaN,
    "log_likelihood": NaN,
    "perplexity": NaN,
    "num_sequences": 20,
    "num_events": 1545
  },
  "Neural Hawkes": {
    "time_rmse": NaN,
    "time_mae": NaN,
    "semantic_mse": NaN,
    "semantic_cosine": NaN,
    "log_likelihood": -30.89616008102894,
    "perplexity": 1.4917505443262487,
    "num_sequences": 20,
    "num_events": 1545
  },
  "Latent ODE": {
    "time_rmse": 1.2534066241247779,
    "time_mae": 1.2297990366753,
    "semantic_mse": 9.605837121605873,
    "semantic_cosine": 0.009683952829800547,
    "log_likelihood": NaN,
    "perplexity": NaN,
    "num_sequences": 20,
    "num_events": 1545
  },
  "Neural Jump SDE": {
    "time_rmse": 1.2075919427863162,
    "time_mae": 1.188036995275705,
    "semantic_mse": 15.828508532047271,
    "semantic_cosine": -0.008298885748081375,
    "log_likelihood": 60.65009435117245,
    "perplexity": 0.45606748363810473,
    "num_sequences": 20,
    "num_events": 1545
  },
  "SV-NSDE (no vol)": {
    "time_rmse": NaN,
    "time_mae": NaN,
    "semantic_mse": NaN,
    "semantic_cosine": NaN,
    "log_likelihood": -28.755240085721017,
    "perplexity": 1.4509755417329189,
    "num_sequences": 20,
    "num_events": 1545
  },
  "SV-NSDE (det vol)": {
    "time_rmse": NaN,
    "time_mae": NaN,
    "semantic_mse": NaN,
    "semantic_cosine": NaN,
    "log_likelihood": NaN,
    "perplexity": NaN,
    "num_sequences": 20,
    "num_events": 1545
  },
  "_metadata": {
    "timestamp": "2026-02-11T11:47:45.165915",
    "data_file": "data/synthetic_weibo_cov.csv",
    "num_test_cascades": 20,
    "d_latent": 32,
    "d_hidden": 64
  }
}